uuid,taxisAfm,taxisFamilyName,taxisFirstName,taxisFathersName,taxisMothersName,taxisFamilyNameLatin,taxisFirstNameLatin,taxisFathersNameLatin,taxisMothersNameLatin,taxisAmka,taxisDateOfBirth,taxisGender,nationality,maritalStatus,hospitalized,hospitalizedSpecific,monk,luxury,street,streetNumber,po,prefecture,ownership,supplyType,meterNumber,participateFead,selectProvider,gender,disabilityStatus,levelOfEducation,employmentStatus,unemployed,employed,oaedId,oaedDate,email,mobilePhone,landline,iban,streetNumber_1,prefecture_2,municipality,parenthood,custody,additionalAdults,salariesR,pensionsR,farmingR,freelanceR,rentIncomeR,unemploymentBenefitR,otherBenefitsR,ekasR,otherIncomeR,ergomeR,depositInterestA,depositsA,domesticRealEstateA,foreignRealEstateA,vehicleValueA,investmentsA,totalIncome,savedInDb,status,submittedMunicipality,time,householdPrincipal,householdComposition,householdCompositionHistory,salariesRHistory,pensionsRHistory,farmingRHistory,freelanceRHistory,otherBenefitsRHistory,depositsAHistory,domesticRealEstateAHistory,foreignRealEstateAHistory,monthlyGuarantee,totalIncome_3,monthlyIncome,monthlyAid,savedInDb_4,status_5,
000004498,355886799,ΠΟΜΠΟΔΑΚΗ,ΒΑΐΤΣΑ,ΜΟΥΡΣΑΝΤΕ,ΔΟΚΙΝΙΩ,ΠΟΜΠΟΔΑΚΗ,ΒΑΐΤΣΑ,ΜΟΥΡΣΑΝΤΕ,ΔΟΚΙΝΙΩ,00626297088,08/02/1990,female,EU Citizen,married,FALSE,FALSE,FALSE,FALSE,Οδός2,93,19002,Anatoliki Attiki,free,power,5089328946,TRUE,Fead provider 1,female,none,none,unemployed,TRUE,FALSE,8518175557,14-01-2020,xxx@gmail.com,003069XXXXXXX,0030210XXXXXXX,GR4948252187915322511543003,93,Anatoliki Attiki,Paiania,TRUE,TRUE,4,4012,0,0,2489,0,0,0,0,1068,0,0,148,0,0,0,0,null,OK,null,Dimos Paianias,15/01/2021,ΒΑΐΤΣΑ;ΠΟΜΠΟΔΑΚΗ;355886799;08/02/1990;,ΒΑΐΤΣΑ;ΠΟΜΠΟΔΑΚΗ;355886799;08/02/1990;|ΜΙΝΑΔΩΡΑ;ΝΤΡΙΜΑΣ;406692702;23/04/1937;|ΚΕΒΗ;ΧΑΡΧΑΓΓΕΛΗΣ;162564665;02/07/1937;|ΝΤΙΛΑΗ;ΜΑΥΡΟΣΤΟΜΟΣ;895435368;25/02/1930;, , , , , , , , , , , , , ,TRUE, ,
000001343,406692702,ΝΤΡΙΜΑΣ,ΜΙΝΑΔΩΡΑ,ΤΖΕΝΑ,ΤΟΥΜΠΑ,ΝΤΡΙΜΑΣ,ΜΙΝΑΔΩΡΑ,ΤΖΕΝΑ,ΤΟΥΜΠΑ,89143122089,08/07/2020,female,EU Citizen,nonMarried,FALSE,FALSE,FALSE,FALSE,Οδός1,70,19002,Anatoliki Attiki,guest,power,0537706432,TRUE,Fead provider 1,female,none,none,unemployed,TRUE,FALSE,null,null,xxx@gmail.com,003069XXXXXXX,0030210XXXXXXX,GR2948999900536814708509643,70,Anatoliki Attiki,Paiania,FALSE,FALSE,null,91,0,0,253,0,0,0,0,25,0,0,74,0,0,0,0,null,OK,null,Dimos Paianias,15/01/2021,ΒΑΐΤΣΑ;ΠΟΜΠΟΔΑΚΗ;355886799;08/02/1990;,ΒΑΐΤΣΑ;ΠΟΜΠΟΔΑΚΗ;355886799;08/02/1990;|ΜΙΝΑΔΩΡΑ;ΝΤΡΙΜΑΣ;406692702;23/04/1937;|ΚΕΒΗ;ΧΑΡΧΑΓΓΕΛΗΣ;162564665;02/07/1937;|ΝΤΙΛΑΗ;ΜΑΥΡΟΣΤΟΜΟΣ;895435368;25/02/1930;, , , , , , , , , , , , , ,TRUE, ,
000001157,162564665,ΧΑΡΧΑΓΓΕΛΗΣ,ΚΕΒΗ,ΔΩΡΟΥΛΑ,ΕΛΙΣΑΦ,ΧΑΡΧΑΓΓΕΛΗΣ,ΚΕΒΗ,ΔΩΡΟΥΛΑ,ΕΛΙΣΑΦ,97447543599,07/11/2016,female,Ελληνική,nonMarried,FALSE,FALSE,FALSE,FALSE,Οδός2,40,19002,Anatoliki Attiki,rent,οικισμός,6238303200,TRUE,Fead provider 1,female,none,none,unemployed,TRUE,FALSE,null,null,xxx@gmail.com,003069XXXXXXX,0030210XXXXXXX,GR1820205081495141606430063,40,Anatoliki Attiki,Paiania,FALSE,FALSE,null,23,0,0,32,0,0,0,0,25,0,0,5,0,0,0,0,null,OK,null,Dimos Paianias,15/01/2021,ΒΑΐΤΣΑ;ΠΟΜΠΟΔΑΚΗ;355886799;08/02/1990;,ΒΑΐΤΣΑ;ΠΟΜΠΟΔΑΚΗ;355886799;08/02/1990;|ΜΙΝΑΔΩΡΑ;ΝΤΡΙΜΑΣ;406692702;23/04/1937;|ΚΕΒΗ;ΧΑΡΧΑΓΓΕΛΗΣ;162564665;02/07/1937;|ΝΤΙΛΑΗ;ΜΑΥΡΟΣΤΟΜΟΣ;895435368;25/02/1930;, , , , , , , , , , , , , ,TRUE, ,
000002943,895435368,ΜΑΥΡΟΣΤΟΜΟΣ,ΝΤΙΛΑΗ,ΜΙΡΙΕΤΑ,ΣΙΝΤΙΚΑ,ΜΑΥΡΟΣΤΟΜΟΣ,ΝΤΙΛΑΗ,ΜΙΡΙΕΤΑ,ΣΙΝΤΙΚΑ,81571749165,22/08/2015,female,Ελληνική,nonMarried,FALSE,FALSE,FALSE,FALSE,Οδός1,43,19002,Anatoliki Attiki,free,οικισμός,9739392916,TRUE,Fead provider 1,female,none,none,unemployed,TRUE,FALSE,null,null,xxx@gmail.com,003069XXXXXXX,0030210XXXXXXX,GR7696057526733639279692825,43,Anatoliki Attiki,Paiania,FALSE,FALSE,null,4,0,0,4,0,0,0,0,1,0,0,0,0,0,0,0,null,OK,null,Dimos Paianias,15/01/2021,ΒΑΐΤΣΑ;ΠΟΜΠΟΔΑΚΗ;355886799;08/02/1990;,ΒΑΐΤΣΑ;ΠΟΜΠΟΔΑΚΗ;355886799;08/02/1990;|ΜΙΝΑΔΩΡΑ;ΝΤΡΙΜΑΣ;406692702;23/04/1937;|ΚΕΒΗ;ΧΑΡΧΑΓΓΕΛΗΣ;162564665;02/07/1937;|ΝΤΙΛΑΗ;ΜΑΥΡΟΣΤΟΜΟΣ;895435368;25/02/1930;, , , , , , , , , , , , , ,TRUE, ,
000005820,276119035,ΔΕΡΕΜΠΟΥΚΑ,ΜΑΡΕΧΗ,ΛΕΒΑΝΤΗΣ,ΑΛΚΙΩΝΗ,ΔΕΡΕΜΠΟΥΚΑ,ΜΑΡΕΧΗ,ΛΕΒΑΝΤΗΣ,ΑΛΚΙΩΝΗ,44443312227,13/10/1957,female,Ελληνική,married,FALSE,FALSE,FALSE,FALSE,Οδός1,02,19002,Anatoliki Attiki,rent,power,4131392134,TRUE,Fead provider 1,female,none,none,unemployed,TRUE,FALSE,0319321512,15-05-2020,xxx@gmail.com,003069XXXXXXX,0030210XXXXXXX,GR2787181143017672015347499,02,Anatoliki Attiki,Paiania,TRUE,TRUE,3,4921,0,0,1980,0,0,0,0,33,0,0,45,0,0,0,0,null,OK,null,Dimos Paianias,15/01/2021,ΜΑΡΕΧΗ;ΔΕΡΕΜΠΟΥΚΑ;276119035;13/10/1957;,ΜΑΡΕΧΗ;ΔΕΡΕΜΠΟΥΚΑ;276119035;13/10/1957;|ΧΑΙΚΑΖΟΥΝ;ΣΑΝΤΟΡΟ;771198210;28/01/1971;|ΡΑΣΗΤ;ΤΖΙΝΟΥΔΗΣ;880184876;28/01/1991;, , , , , , , , , , , , , ,TRUE, ,
000001027,771198210,ΣΑΝΤΟΡΟ,ΧΑΙΚΑΖΟΥΝ,ΙΛΤΖΑΝ,ΟΟΥΖ,ΣΑΝΤΟΡΟ,ΧΑΙΚΑΖΟΥΝ,ΙΛΤΖΑΝ,ΟΟΥΖ,80700129508,13/02/2006,female,Ελληνική,nonMarried,FALSE,FALSE,FALSE,FALSE,Οδός1,10,19002,Anatoliki Attiki,own,οικισμός,7802595663,TRUE,Fead provider 1,female,none,none,unemployed,TRUE,FALSE,null,null,xxx@gmail.com,003069XXXXXXX,0030210XXXXXXX,GR5571330565117333990146367,10,Anatoliki Attiki,Paiania,FALSE,FALSE,null,40,0,0,15,0,0,0,0,2,0,0,1,0,0,0,0,null,OK,null,Dimos Paianias,15/01/2021,ΜΑΡΕΧΗ;ΔΕΡΕΜΠΟΥΚΑ;276119035;13/10/1957;,ΜΑΡΕΧΗ;ΔΕΡΕΜΠΟΥΚΑ;276119035;13/10/1957;|ΧΑΙΚΑΖΟΥΝ;ΣΑΝΤΟΡΟ;771198210;28/01/1971;|ΡΑΣΗΤ;ΤΖΙΝΟΥΔΗΣ;880184876;28/01/1991;, , , , , , , , , , , , , ,TRUE, ,
000000111,880184876,ΤΖΙΝΟΥΔΗΣ,ΡΑΣΗΤ,ΠΗΛΕΑΣ,ΠΑΣΧΑΛΗΣ,ΤΖΙΝΟΥΔΗΣ,ΡΑΣΗΤ,ΠΗΛΕΑΣ,ΠΑΣΧΑΛΗΣ,72865019802,16/09/2020,female,Ελληνική,nonMarried,FALSE,FALSE,FALSE,FALSE,Οδός1,14,19002,Anatoliki Attiki,free,οικισμός,4529343184,TRUE,Fead provider 1,female,none,none,unemployed,TRUE,FALSE,null,null,xxx@gmail.com,003069XXXXXXX,0030210XXXXXXX,GR8732062181531641672560970,14,Anatoliki Attiki,Paiania,FALSE,FALSE,null,0,0,0,0,0,0,0,0,1,0,0,0,0,0,0,0,null,OK,null,Dimos Paianias,15/01/2021,ΜΑΡΕΧΗ;ΔΕΡΕΜΠΟΥΚΑ;276119035;13/10/1957;,ΜΑΡΕΧΗ;ΔΕΡΕΜΠΟΥΚΑ;276119035;13/10/1957;|ΧΑΙΚΑΖΟΥΝ;ΣΑΝΤΟΡΟ;771198210;28/01/1971;|ΡΑΣΗΤ;ΤΖΙΝΟΥΔΗΣ;880184876;28/01/1991;, , , , , , , , , , , , , ,TRUE, ,
000005058,930716216,ΛΩΜΗΣ,ΓΚΑΝΤΑ,ΝΕΖΙΛΙΑ,ΑΤΙΛΛΑ,ΛΩΜΗΣ,ΓΚΑΝΤΑ,ΝΕΖΙΛΙΑ,ΑΤΙΛΛΑ,28290908077,29/01/1994,female,Ελληνική,married,FALSE,FALSE,FALSE,FALSE,Οδός2,93,19002,Anatoliki Attiki,own,οικισμός,1356248298,TRUE,Fead provider 1,female,none,none,unemployed,TRUE,FALSE,0868902348,01-07-2020,xxx@gmail.com,003069XXXXXXX,0030210XXXXXXX,GR2679880398829815076846166,93,Anatoliki Attiki,Paiania,TRUE,TRUE,3,4920,0,0,972,0,0,0,0,96,0,0,715,0,0,0,0,null,OK,null,Dimos Paianias,15/01/2021,ΓΚΑΝΤΑ;ΛΩΜΗΣ;930716216;29/01/1994;,ΓΚΑΝΤΑ;ΛΩΜΗΣ;930716216;29/01/1994;|ΑΜΙΝ;ΒΛΑΧΙΝΟΥ;199916083;17/10/1978;|ΕΛΛΙΣ;ΜΠΑΒΑΒΕΑ;805495694;20/10/1996;, , , , , , , , , , , , , ,TRUE, ,
000009449,199916083,ΒΛΑΧΙΝΟΥ,ΑΜΙΝ,ΦΕΖΗΣ,ΦΡΑΝΣΙΣΚΟ,ΒΛΑΧΙΝΟΥ,ΑΜΙΝ,ΦΕΖΗΣ,ΦΡΑΝΣΙΣΚΟ,06272420164,02/10/2010,female,Ελληνική,nonMarried,FALSE,FALSE,FALSE,FALSE,Οδός1,53,19002,Anatoliki Attiki,own,οικισμός,5993004028,TRUE,Fead provider 1,female,none,none,unemployed,TRUE,FALSE,null,null,xxx@gmail.com,003069XXXXXXX,0030210XXXXXXX,GR2526162480329640585952185,53,Anatoliki Attiki,Paiania,FALSE,FALSE,null,729,0,0,387,0,0,0,0,19,0,0,1,0,0,0,0,null,OK,null,Dimos Paianias,15/01/2021,ΓΚΑΝΤΑ;ΛΩΜΗΣ;930716216;29/01/1994;,ΓΚΑΝΤΑ;ΛΩΜΗΣ;930716216;29/01/1994;|ΑΜΙΝ;ΒΛΑΧΙΝΟΥ;199916083;17/10/1978;|ΕΛΛΙΣ;ΜΠΑΒΑΒΕΑ;805495694;20/10/1996;, , , , , , , , , , , , , ,TRUE, ,
000002191,805495694,ΜΠΑΒΑΒΕΑ,ΕΛΛΙΣ,ΝΙΚΟΑΛΑΟΣ,ΤΖΕΛΑΛ,ΜΠΑΒΑΒΕΑ,ΕΛΛΙΣ,ΝΙΚΟΑΛΑΟΣ,ΤΖΕΛΑΛ,20200578958,14/07/2019,female,Ελληνική,nonMarried,FALSE,FALSE,FALSE,FALSE,Οδός1,58,19002,Anatoliki Attiki,own,power,2419603231,TRUE,Fead provider 1,female,none,none,unemployed,TRUE,FALSE,null,null,xxx@gmail.com,003069XXXXXXX,0030210XXXXXXX,GR8922469684723439874788702,58,Anatoliki Attiki,Paiania,FALSE,FALSE,null,5,0,0,0,0,0,0,0,2,0,0,0,0,0,0,0,null,OK,null,Dimos Paianias,15/01/2021,ΓΚΑΝΤΑ;ΛΩΜΗΣ;930716216;29/01/1994;,ΓΚΑΝΤΑ;ΛΩΜΗΣ;930716216;29/01/1994;|ΑΜΙΝ;ΒΛΑΧΙΝΟΥ;199916083;17/10/1978;|ΕΛΛΙΣ;ΜΠΑΒΑΒΕΑ;805495694;20/10/1996;, , , , , , , , , , , , , ,TRUE, ,
000003535,840917036,ΒΕΤΣΙΟΒΑΝΙΔΟΥ,ΑΚΑΝ,ΙΜΠΙΣ,ΑΛΕΤΙΝ,ΒΕΤΣΙΟΒΑΝΙΔΟΥ,ΑΚΑΝ,ΙΜΠΙΣ,ΑΛΕΤΙΝ,98405237048,21/08/1950,female,Ελληνική,married,FALSE,FALSE,FALSE,FALSE,Οδός2,16,19002,Anatoliki Attiki,rent,power,6176994378,TRUE,Fead provider 1,female,none,none,unemployed,TRUE,FALSE,7807532075,18-04-2020,xxx@gmail.com,003069XXXXXXX,0030210XXXXXXX,GR9707033524137312218678475,16,Anatoliki Attiki,Paiania,TRUE,TRUE,1,591,0,0,710,0,0,0,0,1169,0,0,449,0,0,0,0,null,OK,null,Dimos Paianias,15/01/2021,ΑΚΑΝ;ΒΕΤΣΙΟΒΑΝΙΔΟΥ;840917036;21/08/1950;,ΑΚΑΝ;ΒΕΤΣΙΟΒΑΝΙΔΟΥ;840917036;21/08/1950;, , , , , , , , , , , , , ,TRUE, ,
000008200,011881693,ΜΑΝΑΛΙΚΗ,ΑΡΑΒΕΛΛΑ,ΤΟΥΤ,ΦΙΡΝΤΕΖ,ΜΑΝΑΛΙΚΗ,ΑΡΑΒΕΛΛΑ,ΤΟΥΤ,ΦΙΡΝΤΕΖ,48778172896,15/01/1978,female,Ελληνική,married,FALSE,FALSE,FALSE,FALSE,Οδός2,82,19002,Anatoliki Attiki,own,οικισμός,1644302959,TRUE,Fead provider 1,female,none,none,unemployed,TRUE,FALSE,3284016161,27-07-2020,xxx@gmail.com,003069XXXXXXX,0030210XXXXXXX,GR3227598894927584204437193,82,Anatoliki Attiki,Paiania,TRUE,TRUE,1,3558,0,0,102,0,0,0,0,550,0,0,93,0,0,0,0,null,OK,null,Dimos Paianias,15/01/2021,ΑΡΑΒΕΛΛΑ;ΜΑΝΑΛΙΚΗ;011881693;15/01/1978;,ΑΡΑΒΕΛΛΑ;ΜΑΝΑΛΙΚΗ;011881693;15/01/1978;, , , , , , , , , , , , , ,TRUE, ,
000006292,034262672,ΚΑΛΟΓΡΗΑΣ,ΣΕΙΜΟΥΡ,ΔΑΜΑΣΚΟΣ,ΝΤΟΛΗ,ΚΑΛΟΓΡΗΑΣ,ΣΕΙΜΟΥΡ,ΔΑΜΑΣΚΟΣ,ΝΤΟΛΗ,23577102962,08/11/1969,female,Ελληνική,married,FALSE,FALSE,FALSE,FALSE,Οδός2,01,19002,Anatoliki Attiki,guest,power,5583778276,TRUE,Fead provider 1,female,none,none,unemployed,TRUE,FALSE,3631472514,13-02-2020,xxx@gmail.com,003069XXXXXXX,0030210XXXXXXX,GR3170190747225600324164889,01,Anatoliki Attiki,Paiania,TRUE,TRUE,4,1489,0,0,376,0,0,0,0,2111,0,0,444,0,0,0,0,null,OK,null,Dimos Paianias,15/01/2021,ΣΕΙΜΟΥΡ;ΚΑΛΟΓΡΗΑΣ;034262672;08/11/1969;,ΣΕΙΜΟΥΡ;ΚΑΛΟΓΡΗΑΣ;034262672;08/11/1969;|ΠΙΓΧΑΣ;ΜΑΡΕΤΣΙΚΟΣ;841632432;24/01/1925;|ΓΡΑΜΜΕΝΙΑ;ΚΟΥΡΝΙΑΚΟΥ;059013189;04/01/1985;|ΣΕΜΑΑΤ;ΜΠΑΓΚΑΒΟΣ;474480308;15/07/1948;, , , , , , , , , , , , , ,TRUE, ,
000008585,841632432,ΜΑΡΕΤΣΙΚΟΣ,ΠΙΓΧΑΣ,ΜΑΡΙΝΟΓΕΡΑΣΙΜΟΣ,ΜΥΡΩΝΙΤΣΑ,ΜΑΡΕΤΣΙΚΟΣ,ΠΙΓΧΑΣ,ΜΑΡΙΝΟΓΕΡΑΣΙΜΟΣ,ΜΥΡΩΝΙΤΣΑ,88515851901,01/11/2007,female,Ελληνική,nonMarried,FALSE,FALSE,FALSE,FALSE,Οδός2,82,19002,Anatoliki Attiki,own,οικισμός,6035219080,TRUE,Fead provider 1,female,none,none,unemployed,TRUE,FALSE,null,null,xxx@gmail.com,003069XXXXXXX,0030210XXXXXXX,GR6688280949811235840369479,82,Anatoliki Attiki,Paiania,FALSE,FALSE,null,1799,0,0,1860,0,0,0,0,56,0,0,34,0,0,0,0,null,OK,null,Dimos Paianias,15/01/2021,ΣΕΙΜΟΥΡ;ΚΑΛΟΓΡΗΑΣ;034262672;08/11/1969;,ΣΕΙΜΟΥΡ;ΚΑΛΟΓΡΗΑΣ;034262672;08/11/1969;|ΠΙΓΧΑΣ;ΜΑΡΕΤΣΙΚΟΣ;841632432;24/01/1925;|ΓΡΑΜΜΕΝΙΑ;ΚΟΥΡΝΙΑΚΟΥ;059013189;04/01/1985;|ΣΕΜΑΑΤ;ΜΠΑΓΚΑΒΟΣ;474480308;15/07/1948;, , , , , , , , , , , , , ,TRUE, ,
000009146,059013189,ΚΟΥΡΝΙΑΚΟΥ,ΓΡΑΜΜΕΝΙΑ,ΜΑΞΟΥΜ,ΜΕΛΤΕΜ,ΚΟΥΡΝΙΑΚΟΥ,ΓΡΑΜΜΕΝΙΑ,ΜΑΞΟΥΜ,ΜΕΛΤΕΜ,46024356707,22/07/2006,female,Ελληνική,nonMarried,FALSE,FALSE,FALSE,FALSE,Οδός2,44,19002,Anatoliki Attiki,guest,power,9310259380,TRUE,Fead provider 1,female,none,none,unemployed,TRUE,FALSE,null,null,xxx@gmail.com,003069XXXXXXX,0030210XXXXXXX,GR6238984524025981517444427,44,Anatoliki Attiki,Paiania,FALSE,FALSE,null,103,0,0,44,0,0,0,0,3,0,0,37,0,0,0,0,null,OK,null,Dimos Paianias,15/01/2021,ΣΕΙΜΟΥΡ;ΚΑΛΟΓΡΗΑΣ;034262672;08/11/1969;,ΣΕΙΜΟΥΡ;ΚΑΛΟΓΡΗΑΣ;034262672;08/11/1969;|ΠΙΓΧΑΣ;ΜΑΡΕΤΣΙΚΟΣ;841632432;24/01/1925;|ΓΡΑΜΜΕΝΙΑ;ΚΟΥΡΝΙΑΚΟΥ;059013189;04/01/1985;|ΣΕΜΑΑΤ;ΜΠΑΓΚΑΒΟΣ;474480308;15/07/1948;, , , , , , , , , , , , , ,TRUE, ,
000007914,474480308,ΜΠΑΓΚΑΒΟΣ,ΣΕΜΑΑΤ,ΝΟΡΙΑ,ΜΠΙΝΙΑΜ,ΜΠΑΓΚΑΒΟΣ,ΣΕΜΑΑΤ,ΝΟΡΙΑ,ΜΠΙΝΙΑΜ,66228775010,02/05/2011,female,Ελληνική,nonMarried,FALSE,FALSE,FALSE,FALSE,Οδός1,78,19002,Anatoliki Attiki,guest,power,8802988585,TRUE,Fead provider 1,female,none,none,unemployed,TRUE,FALSE,null,null,xxx@gmail.com,003069XXXXXXX,0030210XXXXXXX,GR8716636700849449581042106,78,Anatoliki Attiki,Paiania,FALSE,FALSE,null,31,0,0,0,0,0,0,0,12,0,0,1,0,0,0,0,null,OK,null,Dimos Paianias,15/01/2021,ΣΕΙΜΟΥΡ;ΚΑΛΟΓΡΗΑΣ;034262672;08/11/1969;,ΣΕΙΜΟΥΡ;ΚΑΛΟΓΡΗΑΣ;034262672;08/11/1969;|ΠΙΓΧΑΣ;ΜΑΡΕΤΣΙΚΟΣ;841632432;24/01/1925;|ΓΡΑΜΜΕΝΙΑ;ΚΟΥΡΝΙΑΚΟΥ;059013189;04/01/1985;|ΣΕΜΑΑΤ;ΜΠΑΓΚΑΒΟΣ;474480308;15/07/1948;, , , , , , , , , , , , , ,TRUE, ,
000005490,746314060,ΚΑΡΑΚΟΥΛΑΚ ΜΕΜΕΤ,ΑΛΚΗΣ,ΜΑΝΤΧΟΥΡΑΝΑ,ΑΠΟΣΤΟΛΙΑ,ΚΑΡΑΚΟΥΛΑΚ ΜΕΜΕΤ,ΑΛΚΗΣ,ΜΑΝΤΧΟΥΡΑΝΑ,ΑΠΟΣΤΟΛΙΑ,67885749699,20/01/1929,female,Ελληνική,married,FALSE,FALSE,FALSE,FALSE,Οδός1,30,19002,Anatoliki Attiki,guest,power,6944882625,TRUE,Fead provider 1,female,none,none,unemployed,TRUE,FALSE,0947346887,18-03-2020,xxx@gmail.com,003069XXXXXXX,0030210XXXXXXX,GR8320139383352526132496023,30,Anatoliki Attiki,Paiania,TRUE,TRUE,2,4647,0,0,262,0,0,0,0,334,0,0,149,0,0,0,0,null,OK,null,Dimos Paianias,15/01/2021,ΑΛΚΗΣ;ΚΑΡΑΚΟΥΛΑΚ ΜΕΜΕΤ;746314060;20/01/1929;,ΑΛΚΗΣ;ΚΑΡΑΚΟΥΛΑΚ ΜΕΜΕΤ;746314060;20/01/1929;|ΣΤΕΛΛΙΝΑ;ΜΠΟΥΖΑΛΗΣ;793631867;24/11/1985;, , , , , , , , , , , , , ,TRUE, ,
000003841,793631867,ΜΠΟΥΖΑΛΗΣ,ΣΤΕΛΛΙΝΑ,ΤΑΜΟΥΝΑ,ΑΝΟΥΑΡ,ΜΠΟΥΖΑΛΗΣ,ΣΤΕΛΛΙΝΑ,ΤΑΜΟΥΝΑ,ΑΝΟΥΑΡ,86636796438,28/09/2020,female,Ελληνική,nonMarried,FALSE,FALSE,FALSE,FALSE,Οδός1,39,19002,Anatoliki Attiki,own,power,1380379603,TRUE,Fead provider 1,female,none,none,unemployed,TRUE,FALSE,null,null,xxx@gmail.com,003069XXXXXXX,0030210XXXXXXX,GR3878061119997397848998837,39,Anatoliki Attiki,Paiania,FALSE,FALSE,null,340,0,0,124,0,0,0,0,33,0,0,37,0,0,0,0,null,OK,null,Dimos Paianias,15/01/2021,ΑΛΚΗΣ;ΚΑΡΑΚΟΥΛΑΚ ΜΕΜΕΤ;746314060;20/01/1929;,ΑΛΚΗΣ;ΚΑΡΑΚΟΥΛΑΚ ΜΕΜΕΤ;746314060;20/01/1929;|ΣΤΕΛΛΙΝΑ;ΜΠΟΥΖΑΛΗΣ;793631867;24/11/1985;, , , , , , , , , , , , , ,TRUE, ,
000005335,556976126,ΜΑΙΑΟΓΛΟΥ,ΑΛΝΤΑ,ΝΟΥΡΤΑΝΕ,ΝΟΤΑ,ΜΑΙΑΟΓΛΟΥ,ΑΛΝΤΑ,ΝΟΥΡΤΑΝΕ,ΝΟΤΑ,23166258966,01/01/1924,female,Ελληνική,married,FALSE,FALSE,FALSE,FALSE,Οδός1,99,19002,Anatoliki Attiki,own,οικισμός,8271892163,TRUE,Fead provider 1,female,none,none,unemployed,TRUE,FALSE,1408457601,22-05-2020,xxx@gmail.com,003069XXXXXXX,0030210XXXXXXX,GR3431386689929056766373608,99,Anatoliki Attiki,Paiania,TRUE,TRUE,1,1371,0,0,1950,0,0,0,0,360,0,0,96,0,0,0,0,null,OK,null,Dimos Paianias,15/01/2021,ΑΛΝΤΑ;ΜΑΙΑΟΓΛΟΥ;556976126;01/01/1924;,ΑΛΝΤΑ;ΜΑΙΑΟΓΛΟΥ;556976126;01/01/1924;, , , , , , , , , , , , , ,TRUE, ,
000001606,579893447,ΚΑΣΑΜΠΑ,ΒΑΛΕΡΙΕ,ΛΑΜΠΡΟΣ,ΖΟΡΖΕΤΑ,ΚΑΣΑΜΠΑ,ΒΑΛΕΡΙΕ,ΛΑΜΠΡΟΣ,ΖΟΡΖΕΤΑ,51014387570,18/02/1922,female,Ελληνική,married,FALSE,FALSE,FALSE,FALSE,Οδός1,37,19002,Anatoliki Attiki,rent,power,5844613208,TRUE,Fead provider 1,female,none,none,unemployed,TRUE,FALSE,0912280893,08-03-2020,xxx@gmail.com,003069XXXXXXX,0030210XXXXXXX,GR0460702189526002482847626,37,Anatoliki Attiki,Paiania,TRUE,TRUE,2,1619,0,0,1190,0,0,0,0,460,0,0,504,0,0,0,0,null,OK,null,Dimos Paianias,15/01/2021,ΒΑΛΕΡΙΕ;ΚΑΣΑΜΠΑ;579893447;18/02/1922;,ΒΑΛΕΡΙΕ;ΚΑΣΑΜΠΑ;579893447;18/02/1922;|ΙΕΣΟΥΑΣ;ΧΛΑΣΕΚ;713715064;28/01/1933;, , , , , , , , , , , , , ,TRUE, ,
000009833,713715064,ΧΛΑΣΕΚ,ΙΕΣΟΥΑΣ,ΧΙΣΕΛΑ,ΙΓΚΕΜΠΟΡΓΚ,ΧΛΑΣΕΚ,ΙΕΣΟΥΑΣ,ΧΙΣΕΛΑ,ΙΓΚΕΜΠΟΡΓΚ,32193326031,12/04/2007,female,Ελληνική,nonMarried,FALSE,FALSE,FALSE,FALSE,Οδός1,81,19002,Anatoliki Attiki,guest,power,2681563210,TRUE,Fead provider 1,female,none,none,unemployed,TRUE,FALSE,null,null,xxx@gmail.com,003069XXXXXXX,0030210XXXXXXX,GR4326185252159727279988886,81,Anatoliki Attiki,Paiania,FALSE,FALSE,null,1498,0,0,307,0,0,0,0,219,0,0,108,0,0,0,0,null,OK,null,Dimos Paianias,15/01/2021,ΒΑΛΕΡΙΕ;ΚΑΣΑΜΠΑ;579893447;18/02/1922;,ΒΑΛΕΡΙΕ;ΚΑΣΑΜΠΑ;579893447;18/02/1922;|ΙΕΣΟΥΑΣ;ΧΛΑΣΕΚ;713715064;28/01/1933;, , , , , , , , , , , , , ,TRUE, ,
000008938,844365020,ΑΛΒΑΡΑΝΤΟ,ΙΒΗ,ΓΚΕΡΑΣΙΜ,ΤΖΕΛΑΛΕΤΗΝ,ΑΛΒΑΡΑΝΤΟ,ΙΒΗ,ΓΚΕΡΑΣΙΜ,ΤΖΕΛΑΛΕΤΗΝ,87017385409,08/08/1946,female,Ελληνική,married,FALSE,FALSE,FALSE,FALSE,Οδός2,37,19002,Anatoliki Attiki,free,οικισμός,6794722693,TRUE,Fead provider 1,female,none,none,unemployed,TRUE,FALSE,7632781263,15-04-2020,xxx@gmail.com,003069XXXXXXX,0030210XXXXXXX,GR7030279881953336679092842,37,Anatoliki Attiki,Paiania,FALSE,FALSE,3,5409,0,0,1099,0,0,0,0,3,0,0,220,0,0,0,0,null,OK,null,Dimos Paianias,15/01/2021,ΙΒΗ;ΑΛΒΑΡΑΝΤΟ;844365020;08/08/1946;,ΙΒΗ;ΑΛΒΑΡΑΝΤΟ;844365020;08/08/1946;|ΧΡΙΣΤΙΝ;ΚΟΝΕΛΙΑΝΟΣ;667938857;24/01/1988;|ΧΡΥΣΟΚΑΙΤΗ;ΑΝΤΕΡΣΣΟΝ;594886020;06/08/1977;, , , , , , , , , , , , , ,TRUE, ,
000009006,667938857,ΚΟΝΕΛΙΑΝΟΣ,ΧΡΙΣΤΙΝ,ΓΚΟΥΝΧΙΛΝΤ,ΝΙΚΟΔΗΜΗ,ΚΟΝΕΛΙΑΝΟΣ,ΧΡΙΣΤΙΝ,ΓΚΟΥΝΧΙΛΝΤ,ΝΙΚΟΔΗΜΗ,98032645173,24/01/1988,female,Ελληνική,married,FALSE,FALSE,FALSE,FALSE,Οδός2,52,19002,Anatoliki Attiki,own,οικισμός,5783860498,TRUE,Fead provider 1,female,none,none,unemployed,TRUE,FALSE,2997209272,21-06-2020,xxx@gmail.com,003069XXXXXXX,0030210XXXXXXX,GR9337261175105737285072788,52,Anatoliki Attiki,Paiania,FALSE,FALSE,null,377,0,0,155,0,0,0,0,95,0,0,19,0,0,0,0,null,OK,null,Dimos Paianias,15/01/2021,ΙΒΗ;ΑΛΒΑΡΑΝΤΟ;844365020;08/08/1946;,ΙΒΗ;ΑΛΒΑΡΑΝΤΟ;844365020;08/08/1946;|ΧΡΙΣΤΙΝ;ΚΟΝΕΛΙΑΝΟΣ;667938857;24/01/1988;|ΧΡΥΣΟΚΑΙΤΗ;ΑΝΤΕΡΣΣΟΝ;594886020;06/08/1977;, , , , , , , , , , , , , ,TRUE, ,
000000062,594886020,ΑΝΤΕΡΣΣΟΝ,ΧΡΥΣΟΚΑΙΤΗ,ΑΟΥΡΑ,ΒΑΥΑ,ΑΝΤΕΡΣΣΟΝ,ΧΡΥΣΟΚΑΙΤΗ,ΑΟΥΡΑ,ΒΑΥΑ,67029143652,06/08/1977,female,Ελληνική,married,FALSE,FALSE,FALSE,FALSE,Οδός2,11,19002,Anatoliki Attiki,own,οικισμός,5843028246,TRUE,Fead provider 1,female,none,none,unemployed,TRUE,FALSE,1773761152,14-04-2020,xxx@gmail.com,003069XXXXXXX,0030210XXXXXXX,GR4386389551427890005925780,11,Anatoliki Attiki,Paiania,FALSE,FALSE,null,6,0,0,15,0,0,0,0,0,0,0,0,0,0,0,0,null,OK,null,Dimos Paianias,15/01/2021,ΙΒΗ;ΑΛΒΑΡΑΝΤΟ;844365020;08/08/1946;,ΙΒΗ;ΑΛΒΑΡΑΝΤΟ;844365020;08/08/1946;|ΧΡΙΣΤΙΝ;ΚΟΝΕΛΙΑΝΟΣ;667938857;24/01/1988;|ΧΡΥΣΟΚΑΙΤΗ;ΑΝΤΕΡΣΣΟΝ;594886020;06/08/1977;, , , , , , , , , , , , , ,TRUE, ,
000008939,434174865,ΠΕΡΚΟΥΛΙΔΗΣ,ΛΗΔΙΑ,ΑΜΠΕΝΤΙΝ,ΧΡΥΣΑΦΙΝΑ,ΠΕΡΚΟΥΛΙΔΗΣ,ΛΗΔΙΑ,ΑΜΠΕΝΤΙΝ,ΧΡΥΣΑΦΙΝΑ,27272135081,05/11/1952,female,Ελληνική,married,FALSE,FALSE,FALSE,FALSE,Οδός1,83,19002,Anatoliki Attiki,rent,power,0993424819,TRUE,Fead provider 1,female,none,none,unemployed,TRUE,FALSE,7957006334,07-09-2020,xxx@gmail.com,003069XXXXXXX,0030210XXXXXXX,GR3713367196430459566527378,83,Anatoliki Attiki,Paiania,FALSE,FALSE,4,6347,0,0,1561,0,0,0,0,207,0,0,217,0,0,0,0,null,OK,null,Dimos Paianias,15/01/2021,ΛΗΔΙΑ;ΠΕΡΚΟΥΛΙΔΗΣ;434174865;05/11/1952;,ΛΗΔΙΑ;ΠΕΡΚΟΥΛΙΔΗΣ;434174865;05/11/1952;|ΑΜΠΑΡΤΣΟΥΜ;ΚΑΡΑΓΑΚΙΑΣ;172227161;06/09/1932;|ΕΛΛΑΣ;ΜΠΟΛΟΒΙΝΑΣ;519537975;24/02/1995;|ΕΛΙΣΑΦ;ΜΟΛΦΕΤΑ;404530535;23/08/1967;, , , , , , , , , , , , , ,TRUE, ,
000002978,172227161,ΚΑΡΑΓΑΚΙΑΣ,ΑΜΠΑΡΤΣΟΥΜ,ΜΑΡΣΟΥΛΑ,ΕΥΡΙΑΝΘΗ,ΚΑΡΑΓΑΚΙΑΣ,ΑΜΠΑΡΤΣΟΥΜ,ΜΑΡΣΟΥΛΑ,ΕΥΡΙΑΝΘΗ,53334085383,06/09/1932,male,Ελληνική,married,FALSE,FALSE,FALSE,FALSE,Οδός2,62,19002,Anatoliki Attiki,guest,οικισμός,6847144768,TRUE,Fead provider 1,male,none,none,unemployed,TRUE,FALSE,9389286356,03-05-2020,xxx@gmail.com,003069XXXXXXX,0030210XXXXXXX,GR8244044713477790725480553,62,Anatoliki Attiki,Paiania,FALSE,FALSE,null,140,0,0,144,0,0,0,0,6,0,0,11,0,0,0,0,null,OK,null,Dimos Paianias,15/01/2021,ΛΗΔΙΑ;ΠΕΡΚΟΥΛΙΔΗΣ;434174865;05/11/1952;,ΛΗΔΙΑ;ΠΕΡΚΟΥΛΙΔΗΣ;434174865;05/11/1952;|ΑΜΠΑΡΤΣΟΥΜ;ΚΑΡΑΓΑΚΙΑΣ;172227161;06/09/1932;|ΕΛΛΑΣ;ΜΠΟΛΟΒΙΝΑΣ;519537975;24/02/1995;|ΕΛΙΣΑΦ;ΜΟΛΦΕΤΑ;404530535;23/08/1967;, , , , , , , , , , , , , ,TRUE, ,
000009176,519537975,ΜΠΟΛΟΒΙΝΑΣ,ΕΛΛΑΣ,ΣΑΡΑΓΙΝΑ,ΓΙΟΥΤΖΑΝ,ΜΠΟΛΟΒΙΝΑΣ,ΕΛΛΑΣ,ΣΑΡΑΓΙΝΑ,ΓΙΟΥΤΖΑΝ,96216809199,24/02/1995,male,Ελληνική,married,FALSE,FALSE,FALSE,FALSE,Οδός1,77,19002,Anatoliki Attiki,free,power,4781242588,TRUE,Fead provider 1,male,none,none,unemployed,TRUE,FALSE,4422072661,15-07-2020,xxx@gmail.com,003069XXXXXXX,0030210XXXXXXX,GR5134711217079251459351167,77,Anatoliki Attiki,Paiania,FALSE,FALSE,null,43,0,0,44,0,0,0,0,5,0,0,0,0,0,0,0,null,OK,null,Dimos Paianias,15/01/2021,ΛΗΔΙΑ;ΠΕΡΚΟΥΛΙΔΗΣ;434174865;05/11/1952;,ΛΗΔΙΑ;ΠΕΡΚΟΥΛΙΔΗΣ;434174865;05/11/1952;|ΑΜΠΑΡΤΣΟΥΜ;ΚΑΡΑΓΑΚΙΑΣ;172227161;06/09/1932;|ΕΛΛΑΣ;ΜΠΟΛΟΒΙΝΑΣ;519537975;24/02/1995;|ΕΛΙΣΑΦ;ΜΟΛΦΕΤΑ;404530535;23/08/1967;, , , , , , , , , , , , , ,TRUE, ,
000001507,404530535,ΜΟΛΦΕΤΑ,ΕΛΙΣΑΦ,ΣΥΓΚΛΗΤΙΚΗ,ΜΠΑΜΠΑΛΕ,ΜΟΛΦΕΤΑ,ΕΛΙΣΑΦ,ΣΥΓΚΛΗΤΙΚΗ,ΜΠΑΜΠΑΛΕ,37560008516,23/08/1967,male,Ελληνική,married,FALSE,FALSE,FALSE,FALSE,Οδός1,37,19002,Anatoliki Attiki,own,οικισμός,0245338928,TRUE,Fead provider 1,male,none,none,unemployed,TRUE,FALSE,2935776636,14-04-2020,xxx@gmail.com,003069XXXXXXX,0030210XXXXXXX,GR2705589129782664415495522,37,Anatoliki Attiki,Paiania,FALSE,FALSE,null,9,0,0,0,0,0,0,0,2,0,0,0,0,0,0,0,null,OK,null,Dimos Paianias,15/01/2021,ΛΗΔΙΑ;ΠΕΡΚΟΥΛΙΔΗΣ;434174865;05/11/1952;,ΛΗΔΙΑ;ΠΕΡΚΟΥΛΙΔΗΣ;434174865;05/11/1952;|ΑΜΠΑΡΤΣΟΥΜ;ΚΑΡΑΓΑΚΙΑΣ;172227161;06/09/1932;|ΕΛΛΑΣ;ΜΠΟΛΟΒΙΝΑΣ;519537975;24/02/1995;|ΕΛΙΣΑΦ;ΜΟΛΦΕΤΑ;404530535;23/08/1967;, , , , , , , , , , , , , ,TRUE, ,
000000315,724883870,ΣΚΟΥΡΟΔΗΜΟΥ,ΜΕΣΙΑΣ,ΚΡΙΤΟΥΛΑ,ΣΤΑΥΡΙ,ΣΚΟΥΡΟΔΗΜΟΥ,ΜΕΣΙΑΣ,ΚΡΙΤΟΥΛΑ,ΣΤΑΥΡΙ,45301707921,22/01/1948,male,Ελληνική,married,FALSE,FALSE,FALSE,FALSE,Οδός1,89,19002,Anatoliki Attiki,rent,οικισμός,6682199186,TRUE,Fead provider 1,male,none,none,unemployed,TRUE,FALSE,8233167398,22-07-2020,xxx@gmail.com,003069XXXXXXX,0030210XXXXXXX,GR3150976532266984404900867,89,Anatoliki Attiki,Paiania,FALSE,FALSE,1,2754,0,0,794,0,0,0,0,230,0,0,133,0,0,0,0,null,OK,null,Dimos Paianias,15/01/2021,ΜΕΣΙΑΣ;ΣΚΟΥΡΟΔΗΜΟΥ;724883870;22/01/1948;,ΜΕΣΙΑΣ;ΣΚΟΥΡΟΔΗΜΟΥ;724883870;22/01/1948;, , , , , , , , , , , , , ,TRUE, ,
000001687,157391468,ΑΥΤΖΑΓΓΕΛΗ,ΦΙΓΑΛΕΙΑ,ΠΑΝΑΓΟΓΕΡΑΣΙΜΟΣ,ΤΑΛΑ,ΑΥΤΖΑΓΓΕΛΗ,ΦΙΓΑΛΕΙΑ,ΠΑΝΑΓΟΓΕΡΑΣΙΜΟΣ,ΤΑΛΑ,84787645095,18/09/1983,male,Ελληνική,married,FALSE,FALSE,FALSE,FALSE,Οδός2,05,19002,Anatoliki Attiki,free,οικισμός,9671415690,TRUE,Fead provider 1,male,none,none,unemployed,TRUE,FALSE,9114218767,03-10-2020,xxx@gmail.com,003069XXXXXXX,0030210XXXXXXX,GR7327413588118023633067879,05,Anatoliki Attiki,Paiania,FALSE,FALSE,2,3256,0,0,765,0,0,0,0,439,0,0,813,0,0,0,0,null,OK,null,Dimos Paianias,15/01/2021,ΦΙΓΑΛΕΙΑ;ΑΥΤΖΑΓΓΕΛΗ;157391468;18/09/1983;,ΦΙΓΑΛΕΙΑ;ΑΥΤΖΑΓΓΕΛΗ;157391468;18/09/1983;|ΛΑΜΖΕΡΑ;ΚΑΣΑΜΠΟΒΑ;254997594;15/02/1923;, , , , , , , , , , , , , ,TRUE, ,
000005143,254997594,ΚΑΣΑΜΠΟΒΑ,ΛΑΜΖΕΡΑ,ΛΕΤΗΣΙΑ,ΒΕΝΕΛΙΝ,ΚΑΣΑΜΠΟΒΑ,ΛΑΜΖΕΡΑ,ΛΕΤΗΣΙΑ,ΒΕΝΕΛΙΝ,36866293494,15/02/1923,male,Ελληνική,married,FALSE,FALSE,FALSE,FALSE,Οδός1,22,19002,Anatoliki Attiki,free,power,3581309221,TRUE,Fead provider 1,male,none,none,unemployed,TRUE,FALSE,1626315551,01-09-2020,xxx@gmail.com,003069XXXXXXX,0030210XXXXXXX,GR5705952411278653620227938,22,Anatoliki Attiki,Paiania,FALSE,FALSE,null,421,0,0,467,0,0,0,0,40,0,0,21,0,0,0,0,null,OK,null,Dimos Paianias,15/01/2021,ΦΙΓΑΛΕΙΑ;ΑΥΤΖΑΓΓΕΛΗ;157391468;18/09/1983;,ΦΙΓΑΛΕΙΑ;ΑΥΤΖΑΓΓΕΛΗ;157391468;18/09/1983;|ΛΑΜΖΕΡΑ;ΚΑΣΑΜΠΟΒΑ;254997594;15/02/1923;, , , , , , , , , , , , , ,TRUE, ,
000006375,659369140,ΓΕΩΡΓΙΟΣ,ΜΑΡΙΑ,ΓΩΓΟΥΛΑ,ΤΖΕΒΤΖΕΤ,ΓΕΩΡΓΙΟΣ,ΜΑΡΙΑ,ΓΩΓΟΥΛΑ,ΤΖΕΒΤΖΕΤ,76906499428,10/11/1964,male,Ελληνική,married,FALSE,FALSE,FALSE,FALSE,Οδός2,29,19002,Anatoliki Attiki,rent,οικισμός,0982282326,TRUE,Fead provider 1,male,none,none,unemployed,TRUE,FALSE,3051581660,12-08-2020,xxx@gmail.com,003069XXXXXXX,0030210XXXXXXX,GR8963703624227473822087570,29,Anatoliki Attiki,Paiania,FALSE,FALSE,1,1633,0,0,349,0,0,0,0,801,0,0,693,0,0,0,0,null,OK,null,Dimos Paianias,15/01/2021,ΜΑΡΙΑ;ΓΕΩΡΓΙΟΣ;659369140;10/11/1964;,ΜΑΡΙΑ;ΓΕΩΡΓΙΟΣ;659369140;10/11/1964;, , , , , , , , , , , , , ,TRUE, ,
000003195,165206661,ΜΠΑΤΑΣΤΟΥΔΗΣ,ΔΩΡΙΣ,ΑΛΦΟΝΣ,ΒΙΚΤΟΡ,ΜΠΑΤΑΣΤΟΥΔΗΣ,ΔΩΡΙΣ,ΑΛΦΟΝΣ,ΒΙΚΤΟΡ,45426389437,22/11/1936,male,Ελληνική,married,FALSE,FALSE,FALSE,FALSE,Οδός2,10,19002,Anatoliki Attiki,free,οικισμός,1839980659,TRUE,Fead provider 1,male,none,none,unemployed,TRUE,FALSE,4281007867,12-04-2020,xxx@gmail.com,003069XXXXXXX,0030210XXXXXXX,GR8647500584352100568481095,10,Anatoliki Attiki,Paiania,FALSE,FALSE,2,3857,0,0,385,0,0,0,0,877,0,0,119,0,0,0,0,null,OK,null,Dimos Paianias,15/01/2021,ΔΩΡΙΣ;ΜΠΑΤΑΣΤΟΥΔΗΣ;165206661;22/11/1936;,ΔΩΡΙΣ;ΜΠΑΤΑΣΤΟΥΔΗΣ;165206661;22/11/1936;|ΜΗΝΕΒΕΡ;ΚΟΝΤΖΙΛΕΛΛΟΥ;413955638;07/06/2000;, , , , , , , , , , , , , ,TRUE, ,
000008358,413955638,ΚΟΝΤΖΙΛΕΛΛΟΥ,ΜΗΝΕΒΕΡ,ΜΑΡΙΕΤΟΥΛΑ,ΚΥΡΕΝΗ,ΚΟΝΤΖΙΛΕΛΛΟΥ,ΜΗΝΕΒΕΡ,ΜΑΡΙΕΤΟΥΛΑ,ΚΥΡΕΝΗ,36991488891,07/06/2000,male,Ελληνική,married,FALSE,FALSE,FALSE,FALSE,Οδός2,34,19002,Anatoliki Attiki,guest,power,3228511057,TRUE,Fead provider 1,male,none,none,unemployed,TRUE,FALSE,4798264038,17-11-2020,xxx@gmail.com,003069XXXXXXX,0030210XXXXXXX,GR1509410917205044438052361,34,Anatoliki Attiki,Paiania,FALSE,FALSE,null,140,0,0,95,0,0,0,0,180,0,0,44,0,0,0,0,null,OK,null,Dimos Paianias,15/01/2021,ΔΩΡΙΣ;ΜΠΑΤΑΣΤΟΥΔΗΣ;165206661;22/11/1936;,ΔΩΡΙΣ;ΜΠΑΤΑΣΤΟΥΔΗΣ;165206661;22/11/1936;|ΜΗΝΕΒΕΡ;ΚΟΝΤΖΙΛΕΛΛΟΥ;413955638;07/06/2000;, , , , , , , , , , , , , ,TRUE, ,
000002764,516071705,ΓΑΜΠΡΙΤΣΟΥ,ΣΑΝΤΡΑ,ΟΛΓΚΕΡΤ,ΦΙΛΟΠΟΙΜΗΝ,ΓΑΜΠΡΙΤΣΟΥ,ΣΑΝΤΡΑ,ΟΛΓΚΕΡΤ,ΦΙΛΟΠΟΙΜΗΝ,54131405814,25/05/1950,male,Ελληνική,married,FALSE,FALSE,FALSE,FALSE,Οδός2,98,19002,Anatoliki Attiki,guest,power,2359585668,TRUE,Fead provider 1,male,none,none,unemployed,TRUE,FALSE,0720387587,21-05-2020,xxx@gmail.com,003069XXXXXXX,0030210XXXXXXX,GR1966511951088298468103022,98,Anatoliki Attiki,Paiania,FALSE,FALSE,2,2118,0,0,1605,0,0,0,0,412,0,0,468,0,0,0,0,null,OK,null,Dimos Paianias,15/01/2021,ΣΑΝΤΡΑ;ΓΑΜΠΡΙΤΣΟΥ;516071705;25/05/1950;,ΣΑΝΤΡΑ;ΓΑΜΠΡΙΤΣΟΥ;516071705;25/05/1950;|ΙΛΥΑ;ΜΥΤΙΛΟΥΛΗ;271148353;07/11/1920;, , , , , , , , , , , , , ,TRUE, ,
000009648,271148353,ΜΥΤΙΛΟΥΛΗ,ΙΛΥΑ,ΣΑΤΙΚ,ΚΙΟΥΡΑΝΝΑ,ΜΥΤΙΛΟΥΛΗ,ΙΛΥΑ,ΣΑΤΙΚ,ΚΙΟΥΡΑΝΝΑ,58641391148,07/11/1920,male,Ελληνική,married,FALSE,FALSE,FALSE,FALSE,Οδός1,55,19002,Anatoliki Attiki,rent,οικισμός,3057485852,TRUE,Fead provider 1,male,none,none,unemployed,TRUE,FALSE,0633378085,05-11-2020,xxx@gmail.com,003069XXXXXXX,0030210XXXXXXX,GR8189412597602694989741096,55,Anatoliki Attiki,Paiania,FALSE,FALSE,null,822,0,0,196,0,0,0,0,39,0,0,189,0,0,0,0,null,OK,null,Dimos Paianias,15/01/2021,ΣΑΝΤΡΑ;ΓΑΜΠΡΙΤΣΟΥ;516071705;25/05/1950;,ΣΑΝΤΡΑ;ΓΑΜΠΡΙΤΣΟΥ;516071705;25/05/1950;|ΙΛΥΑ;ΜΥΤΙΛΟΥΛΗ;271148353;07/11/1920;, , , , , , , , , , , , , ,TRUE, ,
000006655,752621413,ΤΣΑΓΓΑΡΟΥ,ΛΗΑ,ΝΑΣΡΙ,ΖΛΑΤΑΝ,ΤΣΑΓΓΑΡΟΥ,ΛΗΑ,ΝΑΣΡΙ,ΖΛΑΤΑΝ,66503969711,16/10/1929,male,Ελληνική,married,FALSE,FALSE,FALSE,FALSE,Οδός2,82,19002,Anatoliki Attiki,rent,οικισμός,3406340622,TRUE,Fead provider 1,male,none,none,unemployed,TRUE,FALSE,1372767729,07-10-2020,xxx@gmail.com,003069XXXXXXX,0030210XXXXXXX,GR2184705610852952577942628,82,Anatoliki Attiki,Paiania,FALSE,FALSE,3,5482,0,0,12,0,0,0,0,562,0,0,928,0,0,0,0,null,OK,null,Dimos Paianias,15/01/2021,ΛΗΑ;ΤΣΑΓΓΑΡΟΥ;752621413;16/10/1929;,ΛΗΑ;ΤΣΑΓΓΑΡΟΥ;752621413;16/10/1929;|ΕΜΜΑΝΟΥΕΛΑ;ΤΣΑΤΑΡΟΣ;038011734;15/10/2000;|ΝΟΥΡΝΤΑΝ;ΤΣΙΑΝΤΑΚΗ;319058092;23/07/1968;, , , , , , , , , , , , , ,TRUE, ,
000004986,038011734,ΤΣΑΤΑΡΟΣ,ΕΜΜΑΝΟΥΕΛΑ,ΣΑΜΠΥ,ΝΤΕΡΙΑΝ,ΤΣΑΤΑΡΟΣ,ΕΜΜΑΝΟΥΕΛΑ,ΣΑΜΠΥ,ΝΤΕΡΙΑΝ,02440887103,15/10/2000,male,Ελληνική,married,FALSE,FALSE,FALSE,FALSE,Οδός1,82,19002,Anatoliki Attiki,guest,οικισμός,0673040922,TRUE,Fead provider 1,male,none,none,employed,FALSE,TRUE,null,null,xxx@gmail.com,003069XXXXXXX,0030210XXXXXXX,GR9593876218402133391088017,82,Anatoliki Attiki,Paiania,FALSE,FALSE,null,210,0,0,820,0,0,0,0,32,0,0,3,0,0,0,0,null,OK,null,Dimos Paianias,15/01/2021,ΛΗΑ;ΤΣΑΓΓΑΡΟΥ;752621413;16/10/1929;,ΛΗΑ;ΤΣΑΓΓΑΡΟΥ;752621413;16/10/1929;|ΕΜΜΑΝΟΥΕΛΑ;ΤΣΑΤΑΡΟΣ;038011734;15/10/2000;|ΝΟΥΡΝΤΑΝ;ΤΣΙΑΝΤΑΚΗ;319058092;23/07/1968;, , , , , , , , , , , , , ,TRUE, ,
000005303,319058092,ΤΣΙΑΝΤΑΚΗ,ΝΟΥΡΝΤΑΝ,ΧΡΥΣΟΦΙΑ,ΠΟΛΥΜΕΡΗΣ,ΤΣΙΑΝΤΑΚΗ,ΝΟΥΡΝΤΑΝ,ΧΡΥΣΟΦΙΑ,ΠΟΛΥΜΕΡΗΣ,49854949496,23/07/1968,male,Ελληνική,married,FALSE,FALSE,FALSE,FALSE,Οδός1,20,19002,Anatoliki Attiki,own,οικισμός,1543942831,TRUE,Fead provider 1,male,none,none,employed,FALSE,TRUE,null,null,xxx@gmail.com,003069XXXXXXX,0030210XXXXXXX,GR0991026993321329339006113,20,Anatoliki Attiki,Paiania,FALSE,FALSE,null,6,0,0,8,0,0,0,0,3,0,0,2,0,0,0,0,null,OK,null,Dimos Paianias,15/01/2021,ΛΗΑ;ΤΣΑΓΓΑΡΟΥ;752621413;16/10/1929;,ΛΗΑ;ΤΣΑΓΓΑΡΟΥ;752621413;16/10/1929;|ΕΜΜΑΝΟΥΕΛΑ;ΤΣΑΤΑΡΟΣ;038011734;15/10/2000;|ΝΟΥΡΝΤΑΝ;ΤΣΙΑΝΤΑΚΗ;319058092;23/07/1968;, , , , , , , , , , , , , ,TRUE, ,
000001496,293909070,ΜΑΤΙΑΤΟΣ,ΓΚΙΟΥΝΣΕΡ,ΑΙΚΑΤΕΤΡΙΝΗ,ΗΩ,ΜΑΤΙΑΤΟΣ,ΓΚΙΟΥΝΣΕΡ,ΑΙΚΑΤΕΤΡΙΝΗ,ΗΩ,96375043016,17/10/1931,male,Ελληνική,married,FALSE,FALSE,FALSE,FALSE,Οδός1,28,19002,Anatoliki Attiki,guest,power,5810548044,TRUE,Fead provider 1,male,none,none,employed,FALSE,TRUE,null,null,xxx@gmail.com,003069XXXXXXX,0030210XXXXXXX,GR2473501707996136824922153,28,Anatoliki Attiki,Paiania,FALSE,FALSE,3,818,0,0,4478,0,0,0,0,50,0,0,144,0,0,0,0,null,OK,null,Dimos Paianias,15/01/2021,ΓΚΙΟΥΝΣΕΡ;ΜΑΤΙΑΤΟΣ;293909070;17/10/1931;,ΓΚΙΟΥΝΣΕΡ;ΜΑΤΙΑΤΟΣ;293909070;17/10/1931;|ΑΡΟΝ;ΒΑΒΑΛΕΚΑΣ;877951466;05/10/1993;|ΣΤΑΜΩ;ΤΖΑΝΣΙΖ;001586434;11/01/1973;, , , , , , , , , , , , , ,TRUE, ,
000009706,877951466,ΒΑΒΑΛΕΚΑΣ,ΑΡΟΝ,ΤΕΝΓΚΙΣ,ΑΝΤΩΑΝΕΤΑ,ΒΑΒΑΛΕΚΑΣ,ΑΡΟΝ,ΤΕΝΓΚΙΣ,ΑΝΤΩΑΝΕΤΑ,38211678720,05/10/1993,male,Ελληνική,married,FALSE,FALSE,FALSE,FALSE,Οδός1,97,19002,Anatoliki Attiki,own,power,1858680587,TRUE,Fead provider 1,male,none,none,employed,FALSE,TRUE,null,null,xxx@gmail.com,003069XXXXXXX,0030210XXXXXXX,GR1906816318922021107319500,97,Anatoliki Attiki,Paiania,FALSE,FALSE,null,442,0,0,382,0,0,0,0,26,0,0,28,0,0,0,0,null,OK,null,Dimos Paianias,15/01/2021,ΓΚΙΟΥΝΣΕΡ;ΜΑΤΙΑΤΟΣ;293909070;17/10/1931;,ΓΚΙΟΥΝΣΕΡ;ΜΑΤΙΑΤΟΣ;293909070;17/10/1931;|ΑΡΟΝ;ΒΑΒΑΛΕΚΑΣ;877951466;05/10/1993;|ΣΤΑΜΩ;ΤΖΑΝΣΙΖ;001586434;11/01/1973;, , , , , , , , , , , , , ,TRUE, ,
000000392,001586434,ΤΖΑΝΣΙΖ,ΣΤΑΜΩ,ΘΕΟΚΤΗΣΙΑ,ΡΙΑΝΤ,ΤΖΑΝΣΙΖ,ΣΤΑΜΩ,ΘΕΟΚΤΗΣΙΑ,ΡΙΑΝΤ,32024825542,11/01/1973,male,Ελληνική,married,FALSE,FALSE,FALSE,FALSE,Οδός1,89,19002,Anatoliki Attiki,guest,power,8397494629,TRUE,Fead provider 1,male,none,none,employed,FALSE,TRUE,null,null,xxx@gmail.com,003069XXXXXXX,0030210XXXXXXX,GR3591262768290747408873114,89,Anatoliki Attiki,Paiania,FALSE,FALSE,null,4,0,0,10,0,0,0,0,25,0,0,1,0,0,0,0,null,OK,null,Dimos Paianias,15/01/2021,ΓΚΙΟΥΝΣΕΡ;ΜΑΤΙΑΤΟΣ;293909070;17/10/1931;,ΓΚΙΟΥΝΣΕΡ;ΜΑΤΙΑΤΟΣ;293909070;17/10/1931;|ΑΡΟΝ;ΒΑΒΑΛΕΚΑΣ;877951466;05/10/1993;|ΣΤΑΜΩ;ΤΖΑΝΣΙΖ;001586434;11/01/1973;, , , , , , , , , , , , , ,TRUE, ,
000003902,306945550,ΒΕΚΑΚΗ,ΚΥΚΚΟΣ,ΕΥΤΥΧΟΥΛΑ,ΒΑΡΛΑΑΜ,ΒΕΚΑΚΗ,ΚΥΚΚΟΣ,ΕΥΤΥΧΟΥΛΑ,ΒΑΡΛΑΑΜ,97505685663,05/07/1971,male,Ελληνική,married,FALSE,FALSE,FALSE,FALSE,Οδός2,38,19002,Anatoliki Attiki,own,power,4004262570,TRUE,Fead provider 1,male,none,none,employed,FALSE,TRUE,null,null,xxx@gmail.com,003069XXXXXXX,0030210XXXXXXX,GR7634517341803202492312934,38,Anatoliki Attiki,Paiania,FALSE,FALSE,2,4778,0,0,530,0,0,0,0,106,0,0,29,0,0,0,0,null,OK,null,Dimos Paianias,15/01/2021,ΚΥΚΚΟΣ;ΒΕΚΑΚΗ;306945550;05/07/1971;,ΚΥΚΚΟΣ;ΒΕΚΑΚΗ;306945550;05/07/1971;|ΣΟΛΥ;ΧΑΤΖΗ ΧΑΤΙΠ ΟΓΛΟΥ;099669797;05/05/1967;, , , , , , , , , , , , , ,TRUE, ,
000005722,099669797,ΧΑΤΖΗ ΧΑΤΙΠ ΟΓΛΟΥ,ΣΟΛΥ,ΝΕΝΤΙΑΛΚΑ,ΖΑΦΕΤ,ΧΑΤΖΗ ΧΑΤΙΠ ΟΓΛΟΥ,ΣΟΛΥ,ΝΕΝΤΙΑΛΚΑ,ΖΑΦΕΤ,07808721574,05/05/1967,male,Ελληνική,married,FALSE,FALSE,FALSE,FALSE,Οδός2,34,19002,Anatoliki Attiki,guest,power,5291774922,TRUE,Fead provider 1,male,none,none,employed,FALSE,TRUE,null,null,xxx@gmail.com,003069XXXXXXX,0030210XXXXXXX,GR4183446640233886981650036,34,Anatoliki Attiki,Paiania,FALSE,FALSE,null,16,0,0,189,0,0,0,0,57,0,0,1,0,0,0,0,null,OK,null,Dimos Paianias,15/01/2021,ΚΥΚΚΟΣ;ΒΕΚΑΚΗ;306945550;05/07/1971;,ΚΥΚΚΟΣ;ΒΕΚΑΚΗ;306945550;05/07/1971;|ΣΟΛΥ;ΧΑΤΖΗ ΧΑΤΙΠ ΟΓΛΟΥ;099669797;05/05/1967;, , , , , , , , , , , , , ,TRUE, ,
000006487,673813317,ΔΡΑΓΩΝΑΣ,ΑΛΦΡΕΝΤΟ,ΔΗΜΟΝΙΚΟΣ,ΑΝΤΖΟΛΕΤΑ,ΔΡΑΓΩΝΑΣ,ΑΛΦΡΕΝΤΟ,ΔΗΜΟΝΙΚΟΣ,ΑΝΤΖΟΛΕΤΑ,70909288028,23/09/1943,male,Ελληνική,married,FALSE,FALSE,FALSE,FALSE,Οδός2,39,19002,Anatoliki Attiki,own,power,3165674638,TRUE,Fead provider 1,male,none,none,employed,FALSE,TRUE,null,null,xxx@gmail.com,003069XXXXXXX,0030210XXXXXXX,GR9055640507349997159747869,39,Anatoliki Attiki,Paiania,FALSE,FALSE,1,648,0,0,61,0,0,0,0,1971,0,0,995,0,0,0,0,null,OK,null,Dimos Paianias,15/01/2021,ΑΛΦΡΕΝΤΟ;ΔΡΑΓΩΝΑΣ;673813317;23/09/1943;,ΑΛΦΡΕΝΤΟ;ΔΡΑΓΩΝΑΣ;673813317;23/09/1943;, , , , , , , , , , , , , ,TRUE, ,
000004489,443407718,ΛΟΓΑΡΑΚΗ,ΣΕΜΠΑΣΤΙΑΝΟ,ΦΡΕΝΤΕΡΙΚ,ΠΕΡΛ,ΛΟΓΑΡΑΚΗ,ΣΕΜΠΑΣΤΙΑΝΟ,ΦΡΕΝΤΕΡΙΚ,ΠΕΡΛ,29611910900,26/05/1926,male,Ελληνική,married,FALSE,FALSE,FALSE,FALSE,Οδός1,54,19002,Anatoliki Attiki,guest,οικισμός,4909260504,TRUE,Fead provider 1,male,none,none,employed,FALSE,TRUE,null,null,xxx@gmail.com,003069XXXXXXX,0030210XXXXXXX,GR6749959900987232128606036,54,Anatoliki Attiki,Paiania,FALSE,FALSE,1,2301,0,0,1341,0,0,0,0,154,0,0,219,0,0,0,0,null,OK,null,Dimos Paianias,15/01/2021,ΣΕΜΠΑΣΤΙΑΝΟ;ΛΟΓΑΡΑΚΗ;443407718;26/05/1926;,ΣΕΜΠΑΣΤΙΑΝΟ;ΛΟΓΑΡΑΚΗ;443407718;26/05/1926;, , , , , , , , , , , , , ,TRUE, ,
000002236,808177080,ΓΑΛΙΑΤΣΟΥ,ΛΙΖΕΤΤΑ,ΑΡΤΟΥΣ,ΝΙΟΥΛΓΚΙΟΥΝ,ΓΑΛΙΑΤΣΟΥ,ΛΙΖΕΤΤΑ,ΑΡΤΟΥΣ,ΝΙΟΥΛΓΚΙΟΥΝ,35764164330,13/08/1984,male,Ελληνική,married,FALSE,FALSE,FALSE,FALSE,Οδός2,53,19002,Anatoliki Attiki,rent,power,9517261431,TRUE,Fead provider 1,male,none,none,employed,FALSE,TRUE,null,null,xxx@gmail.com,003069XXXXXXX,0030210XXXXXXX,GR4824818616719034953588379,53,Anatoliki Attiki,Paiania,FALSE,FALSE,1,1991,0,0,43,0,0,0,0,596,0,0,76,0,0,0,0,null,OK,null,Dimos Paianias,15/01/2021,ΛΙΖΕΤΤΑ;ΓΑΛΙΑΤΣΟΥ;808177080;13/08/1984;,ΛΙΖΕΤΤΑ;ΓΑΛΙΑΤΣΟΥ;808177080;13/08/1984;, , , , , , , , , , , , , ,TRUE, ,
000000993,925446473,ΦΑΙΛΑΔΗΣ,ΡΑΙΔΑ,ΣΑΚΟ,ΖΑΜΠΕΛΙΑ,ΦΑΙΛΑΔΗΣ,ΡΑΙΔΑ,ΣΑΚΟ,ΖΑΜΠΕΛΙΑ,64322138285,11/02/1934,male,Ελληνική,married,FALSE,FALSE,FALSE,FALSE,Οδός2,65,19002,Anatoliki Attiki,guest,οικισμός,2118412171,TRUE,Fead provider 1,male,none,none,employed,FALSE,TRUE,null,null,xxx@gmail.com,003069XXXXXXX,0030210XXXXXXX,GR7655205035544528704880265,65,Anatoliki Attiki,Paiania,FALSE,FALSE,1,1370,0,0,2283,0,0,0,0,181,0,0,9,0,0,0,0,null,OK,null,Dimos Paianias,15/01/2021,ΡΑΙΔΑ;ΦΑΙΛΑΔΗΣ;925446473;11/02/1934;,ΡΑΙΔΑ;ΦΑΙΛΑΔΗΣ;925446473;11/02/1934;, , , , , , , , , , , , , ,TRUE, ,
000002032,040051474,ΑΝΤΟΝΕ,ΔΡΟΣΟΥΛΑ,ΕΒΕΛΙΝΑ,ΑΝΤΙΚΛΕΙΟΣ,ΑΝΤΟΝΕ,ΔΡΟΣΟΥΛΑ,ΕΒΕΛΙΝΑ,ΑΝΤΙΚΛΕΙΟΣ,54594221515,14/06/1979,male,Ελληνική,married,FALSE,FALSE,FALSE,FALSE,Οδός2,97,19002,Anatoliki Attiki,guest,οικισμός,9017279891,TRUE,Fead provider 1,male,none,none,employed,FALSE,TRUE,null,null,xxx@gmail.com,003069XXXXXXX,0030210XXXXXXX,GR0855897210179468593051291,97,Anatoliki Attiki,Paiania,FALSE,FALSE,1,899,0,0,934,0,0,0,0,665,0,0,148,0,0,0,0,null,OK,null,Dimos Paianias,15/01/2021,ΔΡΟΣΟΥΛΑ;ΑΝΤΟΝΕ;040051474;14/06/1979;,ΔΡΟΣΟΥΛΑ;ΑΝΤΟΝΕ;040051474;14/06/1979;, , , , , , , , , , , , , ,TRUE, ,
000004340,126978597,ΤΣΑΛΑΣΤΡΑ,ΟΔΥΣΣΕΙ,ΚΑΤΡΙΓΙΕ,ΔΕΖΔΕΜΟΝΑ,ΤΣΑΛΑΣΤΡΑ,ΟΔΥΣΣΕΙ,ΚΑΤΡΙΓΙΕ,ΔΕΖΔΕΜΟΝΑ,36308261412,21/02/1941,male,Ελληνική,married,FALSE,FALSE,FALSE,FALSE,Οδός1,29,19002,Anatoliki Attiki,free,οικισμός,3066014086,TRUE,Fead provider 1,male,none,none,employed,FALSE,TRUE,null,null,xxx@gmail.com,003069XXXXXXX,0030210XXXXXXX,GR6895642491882280261505499,29,Anatoliki Attiki,Paiania,FALSE,FALSE,1,2552,0,0,1249,0,0,0,0,258,0,0,24,0,0,0,0,null,OK,null,Dimos Paianias,15/01/2021,ΟΔΥΣΣΕΙ;ΤΣΑΛΑΣΤΡΑ;126978597;21/02/1941;,ΟΔΥΣΣΕΙ;ΤΣΑΛΑΣΤΡΑ;126978597;21/02/1941;, , , , , , , , , , , , , ,TRUE, ,
